{
    "intrin": [
        [
            -0.5829815067706806,
            -0.00665184367136934,
            -0.39102408702916047,
            0.0
        ],
        [
            0.0,
            0.5905389468361802,
            -0.2753561219478163,
            0.0
        ],
        [
            0.0,
            0.0,
            -0.0012382560204402982,
            0.0
        ],
        [
            0.0,
            0.0,
            0.0,
            1.0
        ]
    ],
    "extrin": [
        [
            0.9883977905047164,
            0.08206769703068725,
            0.12780728003315825,
            -0.10751621768549413
        ],
        [
            0.02703687985361551,
            -0.9230857447982179,
            0.38364269167820814,
            -0.10090796860600781
        ],
        [
            -0.14946175046872678,
            0.3757360787233491,
            0.9145947650694406,
            0.6106136057663791
        ],
        [
            0.0,
            0.0,
            0.0,
            1.0
        ]
    ],
    "rvec": [
        -0.044199601760468145,
        1.549991228692042,
        -0.30763365016936745
    ],
    "tvec": [
        -0.10751621768549413,
        -0.10090796860600781,
        0.6106136057663791
    ]
}