{
    "intrin": [
        [
            504.4907975172062,
            0.0,
            318.69001285079025,
            0.0
        ],
        [
            0.0,
            509.5433969694522,
            236.97695705489315,
            0.0
        ],
        [
            0.0,
            0.0,
            1.0,
            0.0
        ],
        [
            0.0,
            0.0,
            0.0,
            1.0
        ]
    ],
    "extrin": [
        [
            0.983114274775398,
            0.0847922695944061,
            0.1621622451431671,
            -0.10853645701717543
        ],
        [
            -0.023313527594226297,
            0.9228992416430082,
            -0.38433510014813094,
            0.03178842152705122
        ],
        [
            -0.18225251070824675,
            0.37407388746447634,
            0.9093144390461172,
            0.7856423514757124
        ],
        [
            0.0,
            0.0,
            0.0,
            1.0
        ]
    ],
    "rvec": [
        0.3910189563460778,
        0.17701227484029305,
        -0.05567056868865385
    ],
    "tvec": [
        -0.10853645701717543,
        0.03178842152705122,
        0.7856423514757124
    ]
}