{
    "intrin": [
        [
            0.5945707609821033,
            0.011788277064251423,
            0.38657897796601204,
            0.0
        ],
        [
            0.0,
            0.594448294247367,
            0.27330105950564276,
            0.0
        ],
        [
            0.0,
            0.0,
            0.0011760620434558967,
            0.0
        ],
        [
            0.0,
            0.0,
            0.0,
            1.0
        ]
    ],
    "extrin": [
        [
            -0.6970435418566029,
            0.08082603304343856,
            0.7124587378497531,
            0.12312650772883499
        ],
        [
            0.26847568072228006,
            -0.8919259929289413,
            0.3638527614275182,
            -0.06586621354843597
        ],
        [
            -0.6648692424956282,
            -0.4448990621704918,
            -0.600011428943738,
            -0.609010772052747
        ],
        [
            0.0,
            0.0,
            0.0,
            1.0
        ]
    ],
    "rvec": [
        -1.5798783880107585,
        2.6905790452124663,
        0.36656934084762216
    ],
    "tvec": [
        0.12312650772883499,
        -0.06586621354843597,
        -0.609010772052747
    ]
}