{
    "intrin": [
        [
            497.17377627974247,
            0.0,
            310.4509173764385,
            0.0
        ],
        [
            0.0,
            504.76062582084415,
            261.742015353904,
            0.0
        ],
        [
            0.0,
            0.0,
            1.0,
            0.0
        ],
        [
            0.0,
            0.0,
            0.0,
            1.0
        ]
    ],
    "extrin": [
        [
            0.7818595029275438,
            -0.03804688798617391,
            -0.6222926578358945,
            -0.15845651704665123
        ],
        [
            -0.26177522134083214,
            0.8826117881390905,
            -0.3904742820338821,
            -0.015225811894274405
        ],
        [
            0.5641054963543335,
            0.4682020798121857,
            0.6801263128584093,
            0.6945176803256067
        ],
        [
            0.0,
            0.0,
            0.0,
            1.0
        ]
    ],
    "rvec": [
        0.48249826780896626,
        -0.6672743157121307,
        -0.12579746064382574
    ],
    "tvec": [
        -0.15845651704665123,
        -0.015225811894274405,
        0.6945176803256067
    ]
}