{
    "intrin": [
        [
            504.4907975172549,
            0.0,
            318.69001285082334,
            0.0
        ],
        [
            0.0,
            509.5433969695124,
            236.97695705480913,
            0.0
        ],
        [
            0.0,
            0.0,
            1.0,
            0.0
        ],
        [
            0.0,
            0.0,
            0.0,
            1.0
        ]
    ],
    "extrin": [
        [
            0.9831142747753975,
            0.08479226959446191,
            0.16216224514314007,
            -0.10853645701722946
        ],
        [
            -0.02331352759423265,
            0.9228992416430812,
            -0.3843351001479545,
            0.031788421527179436
        ],
        [
            -0.1822525107082402,
            0.37407388746430215,
            0.9093144390461902,
            0.7856423514757803
        ],
        [
            0.0,
            0.0,
            0.0,
            1.0
        ]
    ],
    "rvec": [
        0.3910189563458903,
        0.1770122748402803,
        -0.05567056868868606
    ],
    "tvec": [
        -0.10853645701722946,
        0.031788421527179436,
        0.7856423514757803
    ]
}