{
    "intrin": [
        [
            551.2930075995213,
            0.0,
            294.60826343201506,
            0.0
        ],
        [
            0.0,
            555.0036476713046,
            254.3893207871189,
            0.0
        ],
        [
            0.0,
            0.0,
            1.0,
            0.0
        ],
        [
            0.0,
            0.0,
            0.0,
            1.0
        ]
    ],
    "extrin": [
        [
            0.49061180066144827,
            0.10040845906907155,
            0.8655739150408277,
            -0.05795464858678633
        ],
        [
            0.3140826969262176,
            0.9054106901469673,
            -0.2856283278303215,
            -0.13925496597352513
        ],
        [
            -0.8123813939382123,
            0.4119954412222176,
            0.4126696344476023,
            1.1638314145288997
        ],
        [
            0.0,
            0.0,
            0.0,
            1.0
        ]
    ],
    "rvec": [
        0.4396590694117315,
        1.0587508563010453,
        0.13455745378589634
    ],
    "tvec": [
        -0.05795464858678633,
        -0.13925496597352513,
        1.1638314145288997
    ]
}