{
    "intrin": [
        [
            551.2930075993501,
            0.0,
            294.60826343210687,
            0.0
        ],
        [
            0.0,
            555.0036476710696,
            254.38932078722627,
            0.0
        ],
        [
            0.0,
            0.0,
            1.0,
            0.0
        ],
        [
            0.0,
            0.0,
            0.0,
            1.0
        ]
    ],
    "extrin": [
        [
            0.4906118006615569,
            0.1004084590689884,
            0.8655739150407757,
            -0.057954648586982196
        ],
        [
            0.3140826969263836,
            0.9054106901468998,
            -0.28562832783035397,
            -0.13925496597374776
        ],
        [
            -0.812381393938086,
            0.41199544122239173,
            0.41266963444767696,
            1.1638314145284105
        ],
        [
            0.0,
            0.0,
            0.0,
            1.0
        ]
    ],
    "rvec": [
        0.4396590694118561,
        1.0587508563009074,
        0.1345574537860527
    ],
    "tvec": [
        -0.057954648586982196,
        -0.13925496597374776,
        1.1638314145284105
    ]
}