{
    "intrin": [
        [
            497.17377627976475,
            0.0,
            310.4509173764462,
            0.0
        ],
        [
            0.0,
            504.76062582085297,
            261.742015353943,
            0.0
        ],
        [
            0.0,
            0.0,
            1.0,
            0.0
        ],
        [
            0.0,
            0.0,
            0.0,
            1.0
        ]
    ],
    "extrin": [
        [
            0.7818595029275516,
            -0.03804688798619513,
            -0.6222926578358835,
            -0.15845651704666083
        ],
        [
            -0.2617752213408765,
            0.8826117881390565,
            -0.3904742820339294,
            -0.015225811894328983
        ],
        [
            0.5641054963543125,
            0.46820207981225037,
            0.6801263128583822,
            0.6945176803256294
        ],
        [
            0.0,
            0.0,
            0.0,
            1.0
        ]
    ],
    "rvec": [
        0.48249826780904,
        -0.6672743157121236,
        -0.12579746064384115
    ],
    "tvec": [
        -0.15845651704666083,
        -0.015225811894328983,
        0.6945176803256294
    ]
}