{
    "intrin": [
        [
            -0.5822740020436796,
            -0.0010294348843845336,
            -0.4047300838615838,
            0.0
        ],
        [
            0.0,
            0.584513945424225,
            -0.27235793598937735,
            0.0
        ],
        [
            0.0,
            0.0,
            -0.001259429326456118,
            0.0
        ],
        [
            0.0,
            0.0,
            0.0,
            1.0
        ]
    ],
    "extrin": [
        [
            0.9902914410267056,
            0.07845138589547027,
            0.11475296022469737,
            -0.11675742702895286
        ],
        [
            0.03313865200661698,
            -0.9349573489553675,
            0.35320898258330774,
            -0.10761048479513935
        ],
        [
            -0.1349988576708534,
            0.34597707393038496,
            0.9284800335721461,
            0.598330528432625
        ],
        [
            0.0,
            0.0,
            0.0,
            1.0
        ]
    ],
    "rvec": [
        -0.04496628531917893,
        1.5528973112701392,
        -0.2817437855516532
    ],
    "tvec": [
        -0.11675742702895286,
        -0.10761048479513935,
        0.598330528432625
    ]
}