{
    "intrin": [
        [
            1229.7138200598047,
            0.0,
            225.33376536156825,
            0.0
        ],
        [
            0.0,
            1229.6638704544257,
            163.26318896272846,
            0.0
        ],
        [
            0.0,
            0.0,
            1.0,
            0.0
        ],
        [
            0.0,
            0.0,
            0.0,
            1.0
        ]
    ],
    "extrin": [
        [
            0.4846684825780991,
            0.2875828322449297,
            -0.8260705639310894,
            0.027993625029716862
        ],
        [
            -0.35606591266749343,
            0.9285596395704735,
            0.10485257076970991,
            -0.028749095423542113
        ],
        [
            0.7972341376639762,
            0.24332432682948346,
            0.5524590498092641,
            0.8500422907611552
        ],
        [
            0.0,
            0.0,
            0.0,
            1.0
        ]
    ],
    "rvec": [
        0.0823702715920234,
        -0.9890548545365309,
        -0.3910093906739486
    ],
    "tvec": [
        0.027993625029716862,
        -0.028749095423542113,
        0.8500422907611552
    ]
}