{
    "intrin": [
        [
            1243.548525720221,
            0.0,
            444.00818331141505,
            0.0
        ],
        [
            0.0,
            1236.7624252647488,
            -30.113919456278467,
            0.0
        ],
        [
            0.0,
            0.0,
            1.0,
            0.0
        ],
        [
            0.0,
            0.0,
            0.0,
            1.0
        ]
    ],
    "extrin": [
        [
            0.9886098509054291,
            0.07371736979644823,
            -0.13121094498188424,
            -0.17702098395693314
        ],
        [
            -0.06836868878082188,
            0.9972123920785445,
            -0.029885907705449227,
            0.15364862004958607
        ],
        [
            0.12864830232253793,
            0.038518089077681665,
            0.9909419615312153,
            1.4870561702885587
        ],
        [
            0.0,
            0.0,
            0.0,
            1.0
        ]
    ],
    "rvec": [
        0.03401119044104014,
        -0.1303627008773796,
        -0.07130022872163697
    ],
    "tvec": [
        -0.17702098395693314,
        0.15364862004958607,
        1.4870561702885587
    ]
}