{
    "intrin": [
        [
            1229.7138200596846,
            0.0,
            225.33376536166708,
            0.0
        ],
        [
            0.0,
            1229.6638704543038,
            163.26318896282416,
            0.0
        ],
        [
            0.0,
            0.0,
            1.0,
            0.0
        ],
        [
            0.0,
            0.0,
            0.0,
            1.0
        ]
    ],
    "extrin": [
        [
            0.48466848257805345,
            0.2875828322448986,
            -0.8260705639311265,
            0.027993625029648476
        ],
        [
            -0.3560659126675474,
            0.9285596395704547,
            0.10485257076969354,
            -0.0287490954236113
        ],
        [
            0.7972341376639873,
            0.24332432682955402,
            0.5524590498092169,
            0.8500422907610641
        ],
        [
            0.0,
            0.0,
            0.0,
            1.0
        ]
    ],
    "rvec": [
        0.0823702715920871,
        -0.9890548545365839,
        -0.3910093906739768
    ],
    "tvec": [
        0.027993625029648476,
        -0.0287490954236113,
        0.8500422907610641
    ]
}