{
    "intrin": [
        [
            503.8474029085385,
            0.0,
            293.4385495276923,
            0.0
        ],
        [
            0.0,
            501.7531680238927,
            233.59365295418525,
            0.0
        ],
        [
            0.0,
            0.0,
            1.0,
            0.0
        ],
        [
            0.0,
            0.0,
            0.0,
            1.0
        ]
    ],
    "extrin": [
        [
            0.9295238916078693,
            -0.022330915161327316,
            0.36808513303068835,
            -0.2237061571800605
        ],
        [
            0.18973199620131703,
            0.9022678906013544,
            -0.38718783969443815,
            -0.13700935941402545
        ],
        [
            -0.3234954704270546,
            0.42977817292459464,
            0.8429954938733516,
            0.9922973164893244
        ],
        [
            0.0,
            0.0,
            0.0,
            1.0
        ]
    ],
    "rvec": [
        0.4335992806814963,
        0.3673271972589163,
        0.1121102117181116
    ],
    "tvec": [
        -0.2237061571800605,
        -0.13700935941402545,
        0.9922973164893244
    ]
}