{
    "intrin": [
        [
            503.8474029085096,
            0.0,
            293.4385495276723,
            0.0
        ],
        [
            0.0,
            501.7531680238657,
            233.59365295415554,
            0.0
        ],
        [
            0.0,
            0.0,
            1.0,
            0.0
        ],
        [
            0.0,
            0.0,
            0.0,
            1.0
        ]
    ],
    "extrin": [
        [
            0.9295238916078703,
            -0.022330915161315735,
            0.3680851330306867,
            -0.22370615718001977
        ],
        [
            0.1897319962013108,
            0.9022678906013673,
            -0.38718783969441145,
            -0.13700935941396541
        ],
        [
            -0.32349547042706256,
            0.42977817292456766,
            0.8429954938733621,
            0.9922973164892621
        ],
        [
            0.0,
            0.0,
            0.0,
            1.0
        ]
    ],
    "rvec": [
        0.43359928068146786,
        0.36732719725891966,
        0.11211021171810143
    ],
    "tvec": [
        -0.22370615718001977,
        -0.13700935941396541,
        0.9922973164892621
    ]
}